{"cameraMode":{"drawMode":0,"name":"Shaded","section":"Shading Mode"},"sceneLighting":true,"audioPlay":false,"sceneViewState":{"showFog":true,"showMaterialUpdate":false,"showSkybox":true,"showFlares":true,"showImageEffects":true,"showParticleSystems":true},"in2DMode":false,"pivot":{"x":-20.0,"y":0.8618142008781433,"z":-0.03827614337205887},"rotation":{"x":0.008567549288272858,"y":0.9887415766716003,"z":-0.13580770790576936,"w":0.06238304451107979},"size":1.2505145072937012,"orthographic":true}