{"cameraMode":{"drawMode":0,"name":"Shaded","section":"Shading Mode"},"sceneLighting":false,"audioPlay":false,"sceneViewState":{"showFog":true,"showMaterialUpdate":false,"showSkybox":false,"showFlares":true,"showImageEffects":true,"showParticleSystems":true},"in2DMode":false,"pivot":{"x":0.0002817511558532715,"y":0.5772993564605713,"z":2.384185791015625e-7},"rotation":{"x":0.22783149778842927,"y":0.5253588557243347,"z":-0.1484551578760147,"w":0.8062586188316345},"size":37.581336975097659,"orthographic":true}