{"cameraMode":{"drawMode":0,"name":"Shaded","section":"Shading Mode"},"sceneLighting":false,"audioPlay":false,"sceneViewState":{"showFog":true,"showMaterialUpdate":false,"showSkybox":false,"showFlares":true,"showImageEffects":true,"showParticleSystems":true},"in2DMode":false,"pivot":{"x":0.12919999659061433,"y":0.10545090585947037,"z":-0.08320000022649765},"rotation":{"x":0.5622344017028809,"y":0.1023206040263176,"z":-0.07036211341619492,"w":0.8176012635231018},"size":0.04120439291000366,"orthographic":false}