{"cameraMode":{"drawMode":0,"name":"Shaded","section":"Shading Mode"},"sceneLighting":false,"audioPlay":false,"sceneViewState":{"showFog":true,"showMaterialUpdate":false,"showSkybox":false,"showFlares":true,"showImageEffects":true,"showParticleSystems":true},"in2DMode":false,"pivot":{"x":-17.600000381469728,"y":-44.88824462890625,"z":3.200000047683716},"rotation":{"x":0.4535425305366516,"y":0.35679569840431216,"z":-0.2046605795621872,"w":0.7906435132026672},"size":1.7422657012939454,"orthographic":false}