{"cameraMode":{"drawMode":0,"name":"Shaded","section":"Shading Mode"},"sceneLighting":false,"audioPlay":false,"sceneViewState":{"showFog":true,"showMaterialUpdate":false,"showSkybox":false,"showFlares":true,"showImageEffects":true,"showParticleSystems":true},"in2DMode":false,"pivot":{"x":-11.757087707519532,"y":2.1870479583740236,"z":-7.44687557220459},"rotation":{"x":0.5426682233810425,"y":-0.3730938136577606,"z":0.2918965518474579,"w":0.6936212182044983},"size":3.4654831886291506,"orthographic":false}