{"cameraMode":{"drawMode":0,"name":"Shaded","section":"Shading Mode"},"sceneLighting":false,"audioPlay":false,"sceneViewState":{"showFog":true,"showMaterialUpdate":false,"showSkybox":false,"showFlares":true,"showImageEffects":true,"showParticleSystems":true},"in2DMode":false,"pivot":{"x":0.0,"y":0.04800362512469292,"z":0.005399608984589577},"rotation":{"x":0.21911078691482545,"y":-0.40109124779701235,"z":0.09942997992038727,"w":0.8838722705841065},"size":0.05279877036809921,"orthographic":false}